Item,Gluten-Free
Baek pal al Yeh Bled,1
Basie,1
Zs HEARTY MAN S COMBO,1
two,1
Applawood,1
two,1
mach rownsorbrelfat,1
one,1
hese,1
Sgs,1
Agleood,1
thie ange,1
shee ranch teat,1
rey ahora,1
otato,1
sffowe,1
heen sos orto,1
USDA,1
uteri,1
SGD,1
two,1
iWice,1
Two,1
wacniricenr seven,1
two,1
Gros,1
Aemacanchsese,1
two,1
Srbralat,1
Banca,1
Two,1
amcan,1
Reckauage Aplonood,1
bon aol ham,1
ga wwe sg,1
bin ot cin enn Adal,1
ma NONE Ths,1
ronson,1
Cormier aes,1
Six,1
mayo Served,1
SESS,1
American,1
MCFARLAIN S,1
Four,1
Grandma McFarlain,1
two,1
creamy gravy Served,1
two,1
white brown gravy,1
Pepper Jack,1
American,1
two,1
mayo Served,1
BLACK BLUE BURGER,1
Cajun,1
American,1
two,1
two,1
Premium Sider Add BAKED POTATO STEAMED BROCCOLI,1
Eye,1
Gay Gascon Caceres,1
DYanduiches Chow Mein,1
Chop Suey,1
Side Order French Fries,1
ROASTED BONE MARROW Stockyard,1
Apricot Chili,1
Jam Ask,1
Marinara Pistachio,1
Pesto Burrata,1
Red Onions,1
Basil Balsamic Glaze,1
Jumbo Shrimp,1
Herb Butter,1
Arugula Lemon,1
Basil Vinaigrette FIORI DI,1
Apricot Chile,1
Prosciutto Di Parma,1
Sirloin Pecorino Sugo,1
HALF DOZEN,1
Italian,1
Pecans,1
ps Spaghettini,1
Pistachio Pesto Panna,1
White Truffle,1
FRUTTI DI MARE Linguine Mussels Clams Jumbo Shrimp Seafood Brodo,1
Broccoli Rabe Garlic,1
Pecorino,1
Mary s Organic Chicken,1
Sicilian,1
Gluten Free Cauliflower,1
White Truffle,1
Basil DOLCE,1
Lavender Honey Bermuda Onions,1
Grana Padano,1
Basil SIDES ROASTED CARROTS,1
Herloom Carrot Medley Balsamic Glaze,1
SATURDAY,1
Ridley Farms,1
BANGER,1
Evergreen Creamery CUP OF GRAVY BISCUITS,1
APPLE,1
DRINKS Served,1
APPLE,1
ORANGE JUICE HOT CHOCOLATE,1
BURRITO,1
Maria s Pico de Gallo,1
Soup al Appetigens Our Chef Does Not Believe,1
the Stick Teriyaki Chicken Stick Cold Spicy Squid,1
Corn Soup Sm Lg,1
Al Seafood Soup,1
Fillet Soup,1
Food Images for Reference Only,1
Dean s Restaurant Bakery Soul Souter,1
one,1
Bacon,1
Portuguese,1
jalapefio green chilies,1
Two,1
Breakfast Wrap,1
Add Guacamole Add,1
Add Kalua,1
One,1
one,1
Banana,1
Apple,1
patty,1
Portuguese,1
MAuI MAHI,1
One,1
up to two,1
Mkt Mkt,1
Mkt,1
DOT,1
DW,1
sian,1
english,1
FRENCH,1
ed ball popper,1
ech,1
ORES,1
BURRITO ork cio vedo,1
SHRIMP,1
choos al poppe,1
tomato ed,1
bechamel cheese pico de gallo,1
DD,1
bunbario honey gael,1
ork aly,1
LOX,1
salmon il,1
Hosh,1
OW,1
pest bala,1
Makes,1
INEW YORK STEAK,1
DD,1
NASHVILLE,1
radah,1
swiss,1
cons sauerkraut,1
blond patty,1
eon,1
la tuo tomato,1
patty boot bacon,1
OBT,1
korean,1
BOUT,1
pico de ga,1
asian,1
black sae,1
sham honey,1
BOBO ROASTED ROOT SALAD,1
tesco popita,1
kon,1
De,1
pecans,1
Onn ES,1
nsec arta,1
Tet Aunlep Ouse,1
ROSEMARY S PLATTER Served,1
three,1
texas,1
SHRIMP,1
Four,1
salmon house,1
french,1
strawberry,1
Crispy,1
French,1
caramel,1
two,1
american,1
Five,1
strawberry syrup,1
REESE CUP,1
reese,1
seafood gravy salmon,1
LOBSTER BLT Fried,0
cajun mayo TOFU SCRAMBLE Seared,1
LAMB CHOPS,1
MKT,1
three,1
Maple Heat BBQ,1
TEXAS CHAINSAW,1
Quarter pound,1
patty w,1
Friday,1
Sunday,1
BURGER Ground,1
american,1
TURKEY,1
Oreos Bananas,1
Cedar Road,1
Thehauntedcle,1
Aa Tu es Small Med Orange,1
Home Fries,1
Home Fries,1
Ui American,1
Spinach Mushroom Green Pepper Br,1
Egg Beater Extra Substitute Bagel,1
Muffin Add Extra Egg Rronkfn Dal Bi,1
Philadelphia Scrapple Corned,1
Canadian,1
Tomatoes Italian Hot Sausage Photos,1
Meat Poultry Seafood Shellfish,1
Pum Jhe Pen Peuse,1
TWO,1
Bacon,1
Breakfast Sausage,1
Italian,1
Kielbasa,1
Turkey,1
Our Own Corned Beef Hash,1
Canadian,1
New York Strip Steak,1
Spinach,1
Hollandaise Sauce,1
Home Fries EGGS,1
Two,1
Canadian,1
Hollandaise Sauce,1
Home Fries ANGELINA S BENEDICT Two Poached Eggs,1
Avocado,1
Hollandaise Sauce,1
Home Fries SERVED WITH HOME FRIES AND CHOICE OF TOAST CHEESE OMELETTE,1
Cheddar Jack Cheese,1
American,1
Jack Cheese,1
Bncdle cm,1
cbs,1
CcAmerican,1
cts,1
fue,1
POLISH,1
Kielbasa American,1
one,1
American,1
Spanish,1
Jack Cheese,1
Italian,1
Spanish,1
Jack Cheese,1
Jack Cheese,1
American,1
STARTERS Spent LIGHT MEALS MAIN MEALS,1
al coy,1
paca Enjoy,1
Christmas Eve,1
New Year s Eve SOUP,1
Sour Soup Egg,1
Wonton Soup,1
Fajitas Salad,1
Candia Rd,1
Manchester NH,1
BonsaisRestaurant,1
one,1
Egg Roll J Spring Roll K Beef,1
Broccoli Ls,1
Lobster Sauce,1
Fri Sat,1
Moo Goo,1
noon,1
Tso s Chicken,1
NY Sirlion Carry out Promotion oz NY Sirlion,1
Filet Mignon Asian Style w Mushroom,1
Filet Mignon Asian Style w Snow Pea Check,1
Zola BURRATA Creamy Burrata,1
Parma Modena,1
Thi WHIPPED RICOTTA,1
House,1
bresaola,1
Caprino,1
HOUR ANTIPASTI,1
FRIDAY,1
Italian,1
PEPERLIZIA Fontina Vino Rosso,1
O M E L ETS,1
ENCHILADA,1
green chilis,1
bell,1
salsa,1
DENVER,1
patty,1
tomato bell,1
Lodi s,1
bell,1
TWO,1
EGG,1
Ortega,1
BORCELLE LUNCH MENU,1
Chil Four Cheese Quarter Pounder,1
Cheese,1
Beef,1
Broccoli Kung Pao,1
Tomato Pepper Steak,1
SM Salt Pepper Fish Chicken,1
Mixed Vegetables,1
Chicken with,1
Delight Kung PaoChicken,1
Hong Sue Chicken Bee,1
Cashew Nuts Kung Pao,1
Fillet,1
Hunan Chicken Black Pepper,1
Curry Chicken SM Orange Chicken Shrimp,1
Mixed Vegetables Sesame Chicken Shrimp,1
Empress Chicken,1
Lobster Sauce Shetinnrwith,1
Hunan,1
Szechwan Shrimp,1
Mixed Vegetabl,1
Vegetarian,1
Szechwan Delight,1
Szechwan Pork,1
Mixveg,1
Tinga,1
Asada,1
Ground Beef Vegetables Barbacoa Pull,1
Mexican,1
Lengua Simple,1
Three,1
Three,1
TACOS,1
DORADOS Three,1
Topped,1
Tinga Add Steak,1
Add,1
Tinga Add Steak,1
Pork Add Shrimp,1
Tilapia,1
Jamaica Mi Hungry,1
Caribbean,1
Jamaican,1
Sandi Jamaican,1
Fann Bakery,1
Seve,1
two,1
Palle Jork Pork Sandwich,1
Fanti Bakery,1
wal,1
Jamaica,1
Jerk Chicken,1
Trpleal Chutney,1
rf APPETIZERS Terrine de Foie Gras,1
Assiette de saumon,1
Homemade,1
Green,1
Bread Mesclun Mixed Green Salad,1
french,1
Brie Roquefort Truffle,1
Ris de,1
SLOW COOKED,1
Carré d agneau,1
Pan,1
Magret de,1
Pan Seared Duck Breast,1
Berry Sauce,1
Boeuf Bourguignon,1
Cassolette de veau,1
Lapin,1
Créme Braised Rabbit Leg,1
Poulet d la,1
Normande Homemade,1
the day,1
Seafood Bouillabaisse,1
Peri Fries Vegetarian Chicken,1
Peri Peri Fremont,1
Juicy,1
Vegetarian Yellow,1
Flame Grilled,1
Burgers Pitas Wraps Perimayo,1
Wings Flame,1
The Wrap Peri chicken,1
Platter Ideal,1
two,1
two,1
Veggie Delights Signature,1
Fesh Cys Served,1
Potatoes Toast and Butter Cream Cheese add Egg Beaters or,1
Egg Whites,1
Two,1
Bacon,1
Turkey,1
Canadian,1
Kosher Salami or,1
The Benediction Not Served After PM,1
Canadian,1
Bacon,1
Sautéed Spinach,1
Nova Lox,1
French,1
Bacon,1
Syrup,1
Butter Three,1
Chocolate Chips Blueberries,1
Chocolate Chips Bluebe Belgian Uolfe Served,1
Syrup,1
Butter Bekgian Wo Cixi,1
Coast Served,1
Syrup,1
Butter Three Thick Cut Slices,1
Short Stack,1
Cherry Topping Three Egg Omelette Served,1
Bagel,1
Egg Whites,1
Plain Omelette,1
Pastrami Omelette,1
Omelette Kosher Salami,1
Reuben Onrelette,1
Athena Omelette,1
Bagel Pagers,1
Cheese,1
Egg Whites Fruit Salad,1
Bagel LAD Tonal Onion Ghose Chace Fruit Pale of Potatoes Toastion Bagel,1
Sausage Bacon Mushrooms Onions Peppers Cheese and Potatoes Toast,1
Bagel South,1
the Border Onelette Bacon Avocado,1
Monterey Jack Cheese,1
Salsa,1
Creamed Chip ed Beef Served Over Toast,1
Syrup,1
Jelly Consuming,1
GIN TONIC,1
Eden Mill,1
Fever Tree Elderflower Tonic Amalfi Lemon,1
Strawberry G T Beefeater Pink,1
Japanese,1
Spritz Malfy,1
FIOL,1
The Tea Party,1
No Gin earl grey,1
Fever Tree Light Tonic,1
Chandon,1
Garden Spritz,1
Green Chartreuse,1
US,1
BOTTOMLESS BRUNCH EVERY,1
WEEKEND,1
minutes,1
Saturday,1
Sunday,1
Devaux Coeur Des Bar Glass,1
Blanc de Noir Champagne,1
France,1
Ponsardin Brut,1
Tamarind Spiced Chicken,1
Spring,1
Burata Red,1
basil pane,1
SALADS Caesar Salad Small Large Soft,1
Parmesan,1
quinoa mango radish,1
SIDES Koffmann s Fries Macaroni Cheese Roasted,1
Mixed Leaf Salad Cherry,1
Buttered Spinach Nutmeg Bread Butter,1
Spiced Fried Cauliflower Coconut,0
Prawn Cocktail Cucumber,1
Spicy Tuna Tartare Avocado,1
Crispy Duck Salad Small Large Watercress,1
Avocado Hallourni Chicken Smoked,1
Honey Roasted Carrots MAINS Steamed Sea Bream Green,1
ras el,1
Butter Chicken,1
Curry Saffron,1
Lamb Rogan Josh Saffron,1
Chips Mushy,1
SUSHI California Roll Snow,1
Roasted Cod Crushed,1
Aubergine Tofu,1
Burger Dry,1
Monterey Jack,1
Koffmann,1
Avocado Streaky,1
ENJOY,1
RAMSAY,1
Yorkshire,1
Monkey,1
Cranachan,1
Strawberry,1
Sticky Toffee,1
Biscoff,1
Selection,1
British,1
WELLINGTON,1
Beef Wellington,1
two,1
creamy mashed potato red,1
British,1
Himalayan Salt,1
a minimum of,1
today,1
Sirloin Per Bone,1
GRILL,1
Sirloin Steak Grilled Harissa Poussin,1
VAT,1
Adults,1
Gilligan s Shrimp Dip Chopped,1
Peel N Eat Shrimp,1
Bacon Wrapped Crab Stuffed,1
Teriyaki,1
House,1
Bleu Cheese,1
House,1
Fried Calamari Tossed,0
Mozzarella Sticks Hand,1
Coleslaw,1
Red Rice or,1
French,1
Honey,1
Blackened,1
Salmon Peel N Eat Steamed Shrimp,1
Dressings House Ranch,1
Mustard House,1
French,1
Grilled Crabcakes,1
Gilligan,1
Buffalo Chicken Sandwich Fried,0
Crabcake Sandwich,1
Shrimp Sausage,1
Fried Flounder Sandwich,0
Shrimp Tacos,1
Petite,1
Mate Captain,1
Gilligan s Deluxe Cheeseburger Topped,1
American,1
Gilligan s Crabby Patty Combination,1
patty,1
Fried Shrimp Oyster Combo Hand,0
Coleslaw,1
Red Rice or,1
French,1
House,1
Coleslaw,1
Red Rice or,1
French,1
MKT,1
ON THE SHELL Gilligan s Shrimp,1
Snow Crab Legs Steamed,1
MKT,1
Old Bay Seasoning,1
Fried Seafood Platter Fried,0
Fried Chicken Tenders Lightly,0
US,1
INSTAGRAM,1
Grandma,1
Topped,1
Strips,1
TURKEY,1
two,1
potato mashed potato rice pilaf,1
PACIFIC RED SNAPPER Lightly,1
SHRIMP,1
Lodi s Oakridge Winery Wine,1
Vine Zin,1
Cabernet Sauvignon,1
Small Large Large,1
Served,1
Four,1
french,1
Fingers Appetizer Jalisco,1
French,1
Mexican,1
Border Dip Special,1
pico de de gallo,1
Appetizer Jalisco,1
tortillas CHICKEN WINGS cops,1
Nacho Fajitas FULL Nachos Locos,1
Steak,1
Shrimp Nachos,1
Nachos Tejanos Steak,1
BORNE LUNES,1
YOUHAVEAMEDICN,1
